discretization,epsilon_schedule,epsilon_decay,training_episodes,test_success_rate,final_rolling_success_rate,total_states,states_visited,state_visit_percentage,states_visited_5_plus,states_visited_10_plus,total_state_actions,state_actions_updated,state_action_update_percentage,state_actions_updated_5_plus,state_actions_updated_10_plus,average_visits_per_visited_state,average_updates_per_visited_state_action
10,slow,0.0001,25000,0.044,0.79,100,82,82.0,80,80,300,244,81.33333333333333,237,237,59026.58536585366,19836.803278688523
10,medium,0.0002,25000,1.0,0.996,100,84,84.0,84,83,300,252,84.0,249,246,54330.619047619046,18110.20634920635
10,fast,0.0003,25000,0.962,0.9,100,85,85.0,84,83,300,255,85.0,246,246,52171.95294117647,17390.650980392158
20,slow,0.0001,25000,1.0,0.706,400,300,75.0,295,295,1200,895,74.58333333333333,881,873,15605.406666666666,5230.862569832402
20,medium,0.0002,25000,1.0,0.962,400,299,74.75,296,294,1200,895,74.58333333333333,882,872,14415.792642140468,4816.002234636871
20,fast,0.0003,25000,1.0,0.984,400,299,74.75,295,295,1200,897,74.75,885,880,13687.481605351171,4562.49386845039
40,slow,0.0001,25000,1.0,0.972,1600,1158,72.375,1145,1141,4800,3454,71.95833333333333,3402,3369,3920.825561312608,1314.5095541401274
40,medium,0.0002,25000,1.0,0.994,1600,1163,72.6875,1155,1150,4800,3481,72.52083333333333,3444,3421,3649.836629406707,1219.4082160298765
40,fast,0.0003,25000,1.0,0.996,1600,1163,72.6875,1153,1145,4800,3480,72.5,3429,3399,3613.145313843508,1207.496551724138
100,slow,0.0001,25000,0.527,0.302,10000,6653,66.53,6493,6411,30000,19767,65.89,19107,18771,747.0210431384338,251.42565892649364
100,medium,0.0002,25000,0.515,0.348,10000,6705,67.05,6563,6490,30000,19974,66.58,19339,18989,739.5730052199851,248.26459397216382
100,fast,0.0003,25000,0.323,0.406,10000,6733,67.33,6572,6505,30000,20037,66.79,19388,19049,735.9520273280856,247.30074362429505
